B000BY9038,B000140KIW,NULL
B0009RRTE4,B000BY9WHC,B000GG0DD2
B0009RRTE4,B000BY9WHC,B000MMZHAO
B0007YLFE4,B0007ZJ8TM,NULL
B000BY9WHC,B000GG0DD2,B0007L6M9A
B000140KIW,B0007YLFE4,B000J34644
B000GG0DD2,B0007ZJ8TM,NULL
B0007L6M9A,B000062XQJ,B00027C7KC
B0009RRTE4,B000MMZHAO,B000BY9WHC
B0007L6M9A,B0007ZJ8TM,B000BY9WHC
B000J34644,B00006IDZ6,NULL
B000BY9WHC,B0007L6M9A,B000140KIW
B0007YLFE4,B000J34644,B000BY9038
B000062XQJ,B00027C7KC,B00006IDZ6
B000J34644,B0007YLFE4,NULL
B000062XQJ,B0007ZJ8TM,B0007YLFE4
B000BY9WHC,B000BY9038,B0007L6M9A
B000GG0DD2,B000MMZHAO,B000J34644
B0007ZJ8TM,B0007YLFE4,B000J34644
B000062XQJ,B000140KIW,NULL
B0007L6M9A,B00027C7KC,B000BY9038
B0007YLFE4,B000062XQJ,B000140KIW
B000GG0DD2,B000MMZHAO,B00027C7KC
B0007L6M9A,B000J34644,NULL
B00027C7KC,B000BY9038,B000140KIW
B000MMZHAO,B000062XQJ,B000BY9WHC
B0007L6M9A,B000J34644,NULL
B000062XQJ,B0007ZJ8TM,B0007YLFE4
B0009RRTE4,B000BY9WHC,B000MMZHAO
B00006IDZ6,B000J34644,NULL
B000GG0DD2,B0009RRTE4,NULL
B000062XQJ,B00027C7KC,B00006IDZ6
B0007ZJ8TM,B0007YLFE4,B000J34644
B000BY9038,B0007ZJ8TM,B00027C7KC
B000J34644,B000062XQJ,NULL
B000MMZHAO,B0007YLFE4,NULL
B00027C7KC,B0009RRTE4,B0007ZJ8TM
B0007L6M9A,B000062XQJ,B00027C7KC
B000140KIW,B000BY9038,NULL
B0009RRTE4,B000GG0DD2,B000BY9WHC
B0007YLFE4,B000J34644,B0007ZJ8TM
B000BY9WHC,B000MMZHAO,NULL
B000062XQJ,B00027C7KC,NULL
B000140KIW,B000MMZHAO,B000BY9038
B000BY9WHC,B00006IDZ6,B0007L6M9A
B0007L6M9A,B000J34644,NULL
B0007YLFE4,B000J34644,B000BY9038
B000140KIW,B0007YLFE4,B000J34644
B000MMZHAO,B000062XQJ,NULL
B0009RRTE4,B000BY9WHC,B000MMZHAO
B0007YLFE4,B0007ZJ8TM,NULL
B000GG0DD2,B0007ZJ8TM,NULL
B000BY9038,B000140KIW,B000062XQJ
B00027C7KC,B000062XQJ,B00006IDZ6
B0007YLFE4,B00006IDZ6,B0007ZJ8TM
B000062XQJ,B000140KIW,NULL
B00027C7KC,B0009RRTE4,B000BY9038
B000BY9WHC,B000MMZHAO,B000GG0DD2
B00006IDZ6,B000BY9038,B0007YLFE4
B00006IDZ6,B000140KIW,B000BY9038
B0007L6M9A,B000062XQJ,NULL
B0009RRTE4,B000BY9WHC,NULL
B0007YLFE4,B0007ZJ8TM,NULL
B0009RRTE4,B000GG0DD2,B000BY9WHC
B00027C7KC,B0009RRTE4,B0007ZJ8TM
B000GG0DD2,B000MMZHAO,B00027C7KC
B000GG0DD2,B000BY9WHC,NULL
B000MMZHAO,B00006IDZ6,NULL
B000BY9038,B000140KIW,NULL
B0007ZJ8TM,B0007YLFE4,NULL
B0009RRTE4,B000GG0DD2,B000BY9WHC
B0007L6M9A,B000BY9WHC,B000GG0DD2
B00027C7KC,B000062XQJ,B0007L6M9A
B000GG0DD2,B000BY9WHC,NULL
B0009RRTE4,B00006IDZ6,NULL
B000140KIW,B000BY9038,NULL
B000J34644,B000GG0DD2,B000BY9WHC
B0009RRTE4,B000BY9038,B000140KIW
B00027C7KC,B000062XQJ,B00006IDZ6
B000140KIW,B000MMZHAO,B000BY9038
B0007ZJ8TM,B0007L6M9A,NULL
B0009RRTE4,B000GG0DD2,NULL
B0009RRTE4,B000GG0DD2,B000BY9WHC
B000062XQJ,B000BY9WHC,B0007L6M9A
B000062XQJ,B000BY9038,B000MMZHAO
B0009RRTE4,B000GG0DD2,B000BY9WHC
B0007L6M9A,B000BY9WHC,NULL
B000062XQJ,B00006IDZ6,NULL
B000J34644,B0007L6M9A,NULL
B000BY9038,B00027C7KC,NULL
B0007YLFE4,B0009RRTE4,B0007ZJ8TM
B0009RRTE4,B000GG0DD2,B000BY9WHC
B000GG0DD2,B000BY9WHC,NULL
B0007ZJ8TM,B000140KIW,NULL
B0007ZJ8TM,B0007YLFE4,B0007L6M9A
B00006IDZ6,B00027C7KC,B000062XQJ
B000BY9038,B000J34644,B0009RRTE4
B0009RRTE4,B000GG0DD2,NULL
B000J34644,B0007L6M9A,NULL
B000140KIW,B00006IDZ6,B000BY9038
B0009RRTE4,B000GG0DD2,B000BY9WHC
B0009RRTE4,B000GG0DD2,B000BY9WHC
B0009RRTE4,B000GG0DD2,B000BY9WHC
B0009RRTE4,B000GG0DD2,B000BY9WHC
B0009RRTE4,B000GG0DD2,B000BY9WHC
B0009RRTE4,B000GG0DD2,B000BY9WHC
B0009RRTE4,B000GG0DD2,B000BY9WHC
B0009RRTE4,B000GG0DD2,B000BY9WHC
B0009RRTE4,B000GG0DD2,B000BY9WHC
B0009RRTE4,B000GG0DD2,B000BY9WHC
B0009RRTE4,B000GG0DD2,B000BY9WHC
B0009RRTE4,B000GG0DD2,B000BY9WHC
B0009RRTE4,B000GG0DD2,B000BY9WHC
B0009RRTE4,B000GG0DD2,B000BY9WHC
B0009RRTE4,B000GG0DD2,B000BY9WHC
B0009RRTE4,B000GG0DD2,B000BY9WHC
B000140KIW,B00006IDZ6,B000BY9038
B000140KIW,B000BY9038,NULL
B000140KIW,B000BY9038,NULL
B000140KIW,B000BY9038,NULL
B000140KIW,B000BY9038,NULL
B000140KIW,B000BY9038,NULL
B000140KIW,B000BY9038,NULL
B000140KIW,B000BY9038,NULL
B000140KIW,B000BY9038,NULL
B000140KIW,B000BY9038,NULL
B000140KIW,B000BY9038,NULL
B000140KIW,B000BY9038,NULL
B000140KIW,B000BY9038,NULL
